address,close_price
6738 State Highway 50  Highway ,182740.32588354804
303  E 7th  Street ,252256.94145946085
99 Lewis  Street ,351716.65518369764
3710  E 1st  Street ,205188.57075424006
1242 Coleman  Street ,126790.71332310488
2830 Tanner  Street ,286063.376279813
3042 Britton  Drive ,231836.922893833
2915 Crenshaw  Avenue ,366844.3828380643
3708 Avenue N ,207434.64261059972
2967 50th  Street ,271656.8107128601
2247 Lolita  Drive ,234082.99475019265
2841 Britton  Drive ,250801.74658258306
2534  W Brooklyn  Avenue ,261245.38013589382
2707 El Capitan  Drive ,231836.922893833
1650 Savage  Drive ,266461.21083342965
5625 Arlington Park  Drive ,261245.38013589382
10356 Chelmsford  Drive ,231836.922893833
2549 56th  Street ,234082.99475019265
4015 Western  Circle ,253454.16566445294
3019 Halbert  Street ,207434.64261059972
1008  E Ramsey  Avenue ,240771.79606130964
9004 Beckley View  Avenue ,336493.9936184725
1732 Hillside  Drive ,244190.2920168409
4404 Landrum  Avenue ,231836.922893833
7326 Boisenberry  Lane ,336493.9936184725
1424 Bennett  Drive ,196719.9721428998
3105 Robin  Road ,278239.042409166
2120  N Riverside  Drive ,200402.6183789839
2715 Roberts  Circle ,246116.3025637573
2518 Carter  Avenue ,347406.3038026968
3603 Casa Ridge  Drive ,332936.37337863265
4108 Sandage  Avenue ,219595.13632119307
1616 Fuller  Street ,194905.66605107524
1316 Edney  Street ,205188.57075424006
6801 Lakeside  Drive ,227842.20461736908
114 Oak  Drive ,229094.73180206495
2220 Andover  Street ,227284.74021973577
2217 Gould  Avenue ,289034.8962530704
118  N 10th St ,269799.94320707954
6833 Hightower  Street ,347406.3038026968
5304 Carver  Drive ,219595.13632119307
4904 Ohio Garden  Road ,248929.52446886236
5174 Dorman  Street ,241058.94624009525
417 Donald  Street ,244190.2920168409
709 Sylvan  Drive ,213933.5346358262
2217 Dillard  Street ,219595.13632119307
9703 Santa Clara  Drive ,234597.02799630078
1021  N Masters  Drive ,231836.922893833
700 Admiralty  Way ,289034.8962530704
2607 Bent Tree  Lane ,221453.56796064036
3528 Moberly  Street ,289034.8962530704
2321 Bonnie Brae  Avenue ,224153.39444299013
700 Bluebonnet  Lane ,267341.82146538014
1306 Paxton  Avenue ,263589.6490588889
2915 Emma ,249387.29079639015
4744 China Rose  Drive ,224153.39444299013
1601 E Magnolia  Avenue ,289034.8962530704
10937 Rockstone  Drive ,227850.31787623637
7205 Hanging Cliff  Place ,305058.3236531634
5329 Jane Anne  Street ,405541.42968007457
10440 Trail  Avenue ,281233.25331469055
747 Nolte  Drive ,263914.66380930715
605 Martha  Street ,227553.12581696178
5216 James  Avenue ,229922.16657198063
369 Shoreline  Drive ,199192.40958923995
104 Spinner  Circle ,324184.58008588257
2034 Clay  Street ,279958.5613084861
2602 Brenda  Drive ,267341.82146538014
2803 Province  Lane ,231836.922893833
1621 Washington  Avenue ,310616.43016699026
4149 Fortune  Lane ,406545.80478505103
3732 Staghorn  Circle  S ,224153.39444299013
7320 Darien  Street ,226416.6821803851
3029 Albany  Drive ,241798.47623031237
1090 Easy  Street ,205188.57075424006
214 Walnut  Street ,250050.02939328752
7418 Long Canyon  Trail ,382076.4291692617
654 Edgeglen  Drive ,319346.1207228712
1509 Tawakoni  Drive ,259343.56762837816
3811 Penelope  Street ,246243.48846078603
7417 Van Natta  Lane ,254584.90117509774
1324 Glen Garden  Drive ,289034.8962530704
5005 Vinson  Street ,307344.7922394207
5229 Westcrest  Drive ,219595.13632119307
2746 Meadow Isle  Lane ,411985.2900968356
505 Newport  Way ,261122.51026298397
5895 Hopper Rd ,278075.19976018637
339 Linkhaven  Drive ,346592.5982755476
6945 Glendale  Drive ,305058.3236531634
2813 Highlawn  Terrace ,255465.51180704826
857 Lee  Drive ,221453.56796064036
9628 Beckley View  Avenue ,231188.97442217596
1422 Springview  Drive ,419420.7997665927
220 Edith  Drive ,354090.38294283475
417 Thompson  Drive ,292166.242029816
1921 Melissa  Street ,318261.8970507385
6700 Summit Ridge  Drive ,258596.8575837939
5009 Vinson  Street ,320895.10943515936
3837 Livingston  Avenue ,364335.5089967421
2709 Independence  Drive ,319221.10189775244
5003 Bama  Drive ,226128.4293849605
3518 Waldorf  Drive ,368343.90551037237
1502 Homestead  Place ,228340.1002027792
3509 Frazier  Court ,254584.90117509774
7323 Emory Oak  Lane ,465901.8538062412
4032 Devonaire  Drive ,289034.8962530704
4103 David Phillips  Street ,319632.760725835
5803 Willow Branch  Drive ,244426.83017981963
6800 Trailwood  Drive ,364335.5089967421
4106 Indian Paintbrush  Lane ,275338.6487840959
908 Sugar Plum  Lane ,246116.3025637573
112 Brushy Creek  Lane ,282712.418459591
1550 Oakbrook  Street ,485910.5816673911
3606 Moon  Drive ,266461.21083342965
1506 Grace  Street ,260848.34173024056
605 Plantation  Drive ,277996.2146258418
5306 Daffodil  Court ,211126.5377098528
1166 Hemlock  Drive ,277377.3968471109
3500 Swafford  Street ,335409.7699463398
104 Lawndale  Drive ,273520.1084291612
906 Tamara  Lane ,228340.1002027792
109 Modene  Street ,319221.10189775244
725 Lovern  Street ,400542.8106867075
1500 Mims  Street ,301926.97787641775
341 Glenhaven  Drive ,244426.83017981963
800 Hester  Street ,294857.4475184793
2651 San Paula  Avenue ,341911.8079814754
3504 Hilton  Drive ,431899.56343395635
1412 Wright  Street ,274298.3001550477
5009 Grand Villa  Lane ,337615.6629621877
3828 Blue Grass  Lane ,332129.66898413375
310 Melody  Lane ,376795.2893832636
113 Streamside  Drive ,386419.854907776
2501 Whitehurst  Drive ,289034.8962530704
220 Ann  Court ,300275.2618814822
2300 Brookdale  Drive ,277996.2146258418
5809 Springtide  Drive ,301926.97787641775
1421 Karla  Drive ,327752.35424619
1009 Wakefield  Drive ,329805.027601887
713  W Waco  Street ,307755.7821300506
2917 Portales  Drive ,347406.3038026968
3912 Strawberry  Court ,289034.8962530704
4609 Orchard Ridge  Drive ,264210.4756886345
4519 Malvern Hill  Road ,399491.694644026
2611 Viva  Drive ,332771.4190934911
4217 Cherokee  Trail ,347406.3038026968
4436 Culrin  Way ,276827.21553174045
4644 Cool Ridge  Court ,301517.1254785666
1410  E 9th  Street ,319632.760725835
1708  E Tucker  Boulevard ,283127.38898588106
604  E Milam  Street ,272725.56714719627
300 Highland  Drive ,332225.15774583985
106 Boardwalk  Street ,249972.6313548143
6512 Summertime  Lane ,233053.51234872628
7337 Ravehill  Lane ,319632.760725835
2330 Ravenwood  Drive ,499616.388166878
1525 Wickham  Drive ,280555.968681935
413 Kensinger  Court ,221117.58443260952
1301 Sandra  Lane ,228340.1002027792
2122 Alder  Trail ,316089.7561210068
2517 Independence  Drive ,371455.9671114661
5804 Denise  Drive ,289034.8962530704
414  E Grenoble  Drive ,356254.37730879313
2324 Escalante  Avenue ,350083.57011200563
4071 Passage  Way ,614594.3635507275
4915 Sandra Lynn  Drive ,301017.095775345
4724 Barnhill  Lane ,349966.05785879004
1629 Oak Lea  Drive ,439782.59796931886
713 Oak  Drive ,367813.8658094661
2153 Benning  Way ,291594.6503091636
1806 Mary  Drive ,227553.12581696178
804 Ashmount  Lane ,352338.1437509579
2807 Falls  Drive ,246243.48846078603
6308 Lotus  Drive ,294857.4475184793
8201 Dogwood  Lane ,663818.5169252321
403 Chancellorsville  Drive ,313803.2875347495
3227 Garden  Lane ,324763.9350858742
6437 Starnes  Road ,292166.242029816
1167 Meadows  Drive ,310671.94175800384
2113 Monteleon  Street ,316089.7561210068
2008 Karsen  Lane ,263422.6270186158
305 Live Oak  Drive ,279380.05027041154
4912 Barberry  Drive ,397609.7411500268
1514 Douglas  Drive ,380723.7529245824
204 Bellvue  Drive ,397609.7411500268
4604 Sandra Lynn  Drive ,301017.095775345
8220 April  Lane ,305058.3236531634
1513 Burmeister  Road ,366844.3828380643
1309 Lakeside  Drive ,383183.1415478395
624 Cambridge  Drive ,439782.59796931886
5692 McClelland  Street ,246255.9450196445
310 Colonel  Drive ,298941.8832254056
421 Goldfinch  Drive ,350083.57011200563
207 Southerland  Avenue ,300911.2059114021
4512 Wisdom  Way ,289034.8962530704
1915 Milam  Street ,347406.3038026968
1706 Twin Court  Place ,313231.69581409707
1405 Ash  Street ,349185.0410525122
607 Columbia  Avenue ,337762.7374019915
4832 Hollow Ridge  Road ,387107.72574968357
2013 Stonewood  Court ,283726.0696010432
1032 Hiawatha  Court ,310476.13801616634
4002 Charter  Drive ,316089.7561210068
1426 Owega  Avenue ,349548.8118305873
11322 Cactus  Lane ,246243.48846078603
1216 Kathryn  Street ,425948.99168684386
3407 Bristol  Drive ,335577.33102489926
7541 Diamond Springs  Trail ,310317.22311613464
2027 Crosby  Drive ,321061.4198615017
311  S Lois  Lane ,332936.37337863265
1813 Palo Alto  Drive ,344005.9786424655
509 Oxford  Loop ,305039.40477476054
133 Oakhurst  Drive ,300275.2618814822
4204 Donnelly  Avenue ,207434.64261059972
207 Brookhaven  Circle ,348912.6221108077
1216 Stella Mae  Drive ,366844.3828380643
501  W 3rd  Street ,351716.65518369764
413 Duke  Street ,361285.67388921493
826 Milky  Way ,307702.3353040595
8513 Sussex  Court ,335261.0147608794
1116 Monticello  Drive ,352338.1437509579
614 Atlanta  Street ,347406.3038026968
2310 Cromwell  Drive ,335409.7699463398
2016 Shane  Avenue ,340668.15082031407
4501 Lone Oak  Drive ,335409.7699463398
417  E Grenoble  Drive ,316089.7561210068
6105 Trail Lake  Drive ,347406.3038026968
1022 April Showers  Lane ,662238.0468419642
208  W Cheryl  Avenue ,425948.99168684386
1519 Edgewater  Way ,614594.3635507275
5609 Atlantis  Terrace ,357726.97962270107
616 Yosemite  Trail ,431899.56343395635
544 Kerry  Street ,367809.29343446123
922 Clint Smith  Drive ,468052.0993102096
2014 Angelina  Drive ,272446.5308317096
941 Abigale  Lane ,465901.8538062412
600 Atlanta  Street ,342375.007222275
1501 Arrowhead  Drive ,350537.64957944246
2451 Hartline  Drive ,266826.6877477376
514 Hilltop  Drive ,389737.36348037265
3729 Crestview  Drive ,293524.06886240264
203 Stanford ,295137.11151809077
1600 Andrew  Avenue ,347406.3038026968
7316 Bennington  Drive ,305058.3236531634
3408 Covert  Avenue ,438276.78365042084
900 Warwick  Street ,352338.1437509579
3016 Mill Creek  Way ,349436.5085073522
204  W Cheryl  Avenue ,427200.08056507516
5504 Topwater  Drive ,405541.42968007457
5713 Geddes  Avenue ,330258.4309070956
1094 Easy  Street ,198156.54652262424
1443 Queen Annes  Drive ,360443.01238933695
1245 Kachina  Lane ,366844.3828380643
1212  W Arlington  Avenue ,301926.97787641775
6217 Courtside  Drive ,305058.3236531634
644 Swift Current  Drive ,384687.6184137354
1773 Placitas  Trail ,304486.731932511
4813 Applewood  Road ,436367.70488904545
2800 Daniel  Creek ,313803.2875347495
9044 Sun Haven  Way ,304486.731932511
106 Greenfield  Trail ,349436.5085073522
3009 David  Drive ,359385.7230855388
2416 Poplar Spring  Road ,483070.23954679695
10345 Chadbourne  Drive ,393185.9206357083
205 Bear  Trail ,348107.6451896114
10757 Kittering  Trail ,349966.05785879004
5520 Kennedale Sublett  Road ,309442.4582598397
8410 Timberbrook  Lane ,389784.9920589924
1433 Dun Horse  Drive ,344934.76127836824
2613 Pebblestone  Lane ,308898.57557880227
10520 Cloisters  Drive ,304486.731932511
400 Pineview  Lane ,390017.6282392003
4918 Crest  Drive ,294857.4475184793
2504 Nogales  Drive ,380848.92842396814
2016 Chantilly  Court ,330378.4733659179
2422 Misty  Lane ,311581.2276848628
4509 Miramar  Drive ,364417.0196659606
202 Valley View  Drive ,302628.31926333235
400 Seagull  Court ,439782.59796931886
4317 Crestover  Drive ,422552.1455433383
7836 Ashwood  Drive ,356430.03986636177
225 Maple  Court ,313882.40712795337
849 Arcadia  Street ,335261.0147608794
123 Windermere  Street ,351716.65518369764
7117 Starnes  Road ,415120.36101537757
4924 Calmont  Avenue ,289034.8962530704
5102 Quince Orchard  Court ,352338.1437509579
308 Citrus  Drive ,338095.692152014
5001 Village Stone  Court ,390017.6282392003
5315 Colony Hill  Road ,425341.42625053675
5617 Bonnie Wayne  Street ,388942.1512052924
2517 Breccia  Drive ,381096.3217228007
4745 Homelands  Way ,366844.3828380643
3304 Manzanilla  Lane ,323787.5811643193
6406 Peach Tree  Court ,400515.9724347079
3010 Wren  Lane ,342794.0339824133
143 Redbud  Drive ,335198.6230813669
2653 Steppington  Street ,386064.58418738004
7708 Summerbrook  Circle ,381096.3217228007
3808 Marys Creek  Drive ,352338.1437509579
2706 Loraine  Street ,347406.3038026968
2316 Abbington  Lane ,380723.7529245824
8309 Trickham  Bend ,397609.7411500268
5614 Trails Edge  Drive ,318261.8970507385
105 Ridgegate  Drive ,356254.37730879313
210 Magnolia  Street ,380746.57335217966
7031 Rovato  Drive ,298320.68925977754
7804 Pebblebrook  Drive ,302088.71719921904
2649 Austin  Drive ,383855.09870132804
125 Meadow Ridge  Drive ,345225.54750474106
700 Kimbrough  Road ,300275.2618814822
4609 Mountain Oak  Street ,349966.05785879004
116 Anthony  Lane ,364985.97016888566
5302 Bradley  Lane ,352338.1437509579
2110 Mikasa  Drive ,391376.31694560486
302  E Crossmain ,528669.0060672055
532 Brooke  Street ,279329.59673546953
1905 Winter Park  Drive ,372729.5857659148
2313 Markland  Street ,383653.798785018
5506 Timber Green  Drive ,352338.1437509579
3004 Coyote  Way ,342894.9439572908
2203 Briarwood  Boulevard ,402939.57447845733
8424 High Garden  Street ,346915.2777154976
222 Walnut  Street ,693167.3737307236
1529 Fireside  Way ,548531.4559779073
5783 Rockhill  Road ,405541.42968007457
232  N Starnes  Street ,219595.13632119307
5937 Comanche Peak  Drive ,361167.21660023404
331 Robin Hill  Lane ,414135.53560080397
4145 Whitfield  Avenue ,342375.007222275
1905 Chattanooga  Drive ,283127.38898588106
4905 Creekridge  Lane ,380723.7529245824
811 Jessica  Drive ,367684.57039826526
7644 Murton  Place ,390017.6282392003
3101 Josefina  Lane ,352915.65971459897
2173 Hobby  Drive ,278308.25523804023
8525 Steel Dust  Drive ,388297.2686912923
725 Oak Grove  Road  E ,393185.9206357083
2813 Cantura  Drive ,425306.0026944432
624 Canyon  Place ,776277.5928051104
2200 Covered Wagon  Drive ,388060.873690787
401 Lake Louise  Court ,411989.0152386319
627 Avalon  Drive ,498099.6127385903
411 Howard  Street ,308464.5927649504
4528 Clear Lake  Lane ,446340.97690068325
2125 Spring Mills  Road ,475081.3476872935
1160 Wentworth  Way ,331795.8941521985
4100 Staghorn  Circle  N ,350083.57011200563
8909 Greentree  Drive ,440217.35753796366
832 Nelson  Place ,408808.52331793867
1403 Carriage  Lane ,531640.2401030388
108 Valley Ranch  Court ,353394.88948883204
417 Summit  Drive ,322193.5327744664
929 Sugarberry  Drive ,357186.8250879375
145 Sierra  Drive ,348107.6451896114
4625 Summer Oaks  Lane ,435108.4912539128
4509 Lodestone  Lane ,435108.4912539128
5626 Vinewood  Drive ,429937.5054209958
14581 County Road 4003 ,383333.21259606036
1520 Absher  Lane ,350537.64957944246
2404 Kitty Hawk  Lane ,433199.4124925374
3804 Oxley  Drive ,369975.7286148099
911 Cedar Creek  Drive ,436740.5379264146
3648 Kimball Ridge  Place ,387107.72574968357
2319 Graham  Street ,298941.8832254056
1538 Evergreen  Drive ,436377.99131476734
4801 Sunny Brook  Drive ,398107.0375860645
5328 Grand Mesa  Drive ,405541.42968007457
11752 Ficus  Drive ,349007.94726603513
3465 Gypsum  Court ,384108.2386887293
4309 Sparrow  Court ,459428.67012575024
3824 Greenhills  Court  E ,572320.2873352522
10196 Wandering Way  Street ,391376.31694560486
10113 Saltbrush  Street ,346915.2777154976
1710 Westfall  Drive ,354602.8554155152
116 Locust  Drive ,483241.475814353
304 Dakota  Drive ,352511.3238592892
4512 Quail Hollow  Court ,386064.58418738004
7900 Kodak  Drive ,428122.3852540631
2208 Sable Wood  Drive ,481789.28102497006
10816 Thorngrove  Court ,361167.21660023404
418 Sunflower  Street ,362232.11301778076
9017 Dameron  Drive ,349966.05785879004
10305 Ashmont  Drive ,387095.802360888
945 Corbitt  Lane ,399535.29932369804
2301 Sparrow ,411030.38555342716
125 Timberlake  Drive ,391376.31694560486
12829 Dorset  Drive ,329649.8925666808
525 The Meadows  Parkway ,562216.4946208753
1811 Clayton  Drive ,415120.36101537757
1940 Potrillo  Lane ,349966.05785879004
2109 Via Estrada ,357267.9563176553
1807 Wonderlight  Lane ,616215.5935851422
2729 Laurel Oaks  Drive ,380723.7529245824
9112 Ripley  Street ,411989.0152386319
3305 Hoover  Drive ,397746.655266377
4346 Cantrell  Street ,443197.4315997524
223 Aaron  Street ,384706.0668999509
2439 Vagas  Street ,302526.51635733026
202 Mulberry  Lane ,380203.0674860508
8525 Jackson  Way ,408808.52331793867
3700 Meadowcreek  Court ,352338.1437509579
7525 Innisbrook  Lane ,361167.21660023404
407 Seneca  Drive ,365554.15882303094
902 Lakeshore  Drive ,414620.45701329055
202 Arbor Glen  Drive ,281992.1603054275
2717 Scenic Hills  Drive ,320133.13512777665
1408  S Corinth Street  Road ,722861.330879482
11061 Swaffar  Drive ,581958.8109372684
4016 Martinsburg  Drive ,368937.0523886018
3948 Hunter Peak  Road ,329649.8925666808
3201 Candlebrook  Drive ,496615.8876380269
4921 Stage Line  Drive ,352338.1437509579
7612 Truchard  Drive ,381096.3217228007
1900 Meadowlark  Lane ,481067.00571545534
6028 Stirrup Iron  Drive ,521191.44379645376
2101 Twin Elms  Drive ,350203.11815987073
3137 Rotan  Lane ,341911.8079814754
140 Highgate  Drive ,498514.0479839934
3964 Chesapeake  Lane ,432755.168177412
911 Meadow View  Drive ,364417.0196659606
5609 Oak Branch  Drive ,391376.31694560486
915 Blue Sky  Drive ,509258.8461847404
2713 Harborview  Boulevard ,371041.53186606296
4429 Foxfire  Way ,483070.23954679695
2112 Franklin  Drive ,579345.769987519
600 Tanglewood  Drive  S ,606670.9835103301
3107 Lake Oak  Drive ,369404.9299461732
1201 Noble  Avenue ,262840.082730141
100 Hillside  Drive ,430713.2817854458
5105 National  Court ,387613.67552083195
5132 Appalachian  Drive ,395356.0562270176
1102 Briarcliff  Drive ,377203.8251153956
1204 Greendale  Drive ,352338.1437509579
143 Glenwood  Drive ,372225.5816210605
1047 Stream  Drive ,466329.1071392185
279 Big Bear  Drive ,451714.0609322135
403 Country Meadow  Drive ,466628.8311363102
3504 Founders  Way ,394774.2243896631
1816 Winewood  Lane ,367684.57039826526
3207 Hyde Park  Court ,454723.0722804003
3213 Noble  Lane ,490356.4201086734
1214 Hillary  Lane ,340966.1668966424
7452 Buckskin  Court ,385612.3245575079
807 Crockett  Drive ,659979.2901356134
106 Lakefront  Drive ,466622.3364909293
229 Circleview  Drive  N ,429885.0246988596
7714 Vista Creek  Lane ,434835.7359529392
6520 Crane  Road ,458302.1452687147
10309 Burtrum  Drive ,346915.2777154976
11116 Davis Mountain  Road ,366844.3828380643
244 Painted  Trail ,348038.2197942485
5809 Waltham  Avenue ,347406.3038026968
10 Watergrove  Court ,436665.11324522085
14413 Mainstay  Way ,455967.5118268598
2745 Ivandell  Avenue ,344884.2388581893
1708 Duke  Drive ,413603.42995870713
3916 Rochelle  Lane ,387239.21908671805
7013 Culver  Avenue ,388780.6169540159
6731 Silvercrest  Drive ,600998.1186599673
4 Priscilla  Lane ,355410.5534392586
1809 Phillip  Lane ,458650.1594861107
3170 Kingswood  Court ,443446.29655658465
127 Haymeadow  Drive ,599749.9350284325
3828 Cortez  Drive ,261821.304952316
3209 Lemmontree  Lane ,447560.46428943065
13033 Monte Alto  Street ,366844.3828380643
608 Beltrand  Lane ,455856.0061644874
625 Pollyann  Trail ,470678.05303592037
3101 Tex  Boulevard ,347406.3038026968
913 Lauren  Drive ,365554.15882303094
1810 Shenandoah  Drive ,338931.99684797786
443 Malden  Drive ,322193.5327744664
10527 Solta  Drive ,236565.1098960338
1613 Cienegas  Circle ,533582.8316663557
2724 Bretton Wood  Drive ,477938.89882629144
721 Queens  Court ,414225.1937337207
7814 Bella  Way ,432751.68528096867
1300 Creekwood  Court ,409425.37376703747
9308 Marble Falls  Drive ,408360.79610636993
1633 Trinity View  Street ,744170.9940724177
8840 Crosswind  Drive ,457774.3844236445
33699 Fm 429 ,402900.80978413916
114 Buckhorn ,376484.0519025172
7209 Wilshire  Drive ,476990.4264486689
10014 Estacado  Drive ,319632.760725835
1840 Wildrose  Drive ,531535.3727573539
2505 Fairbrook  Street ,571529.0943366188
423 Cowboy  Way ,389737.36348037265
300 McBride  Road ,706519.7847426285
511 Flameleaf  Drive ,409425.37376703747
7208 Brekenridge  Drive ,461098.8525473653
706 Williams  Street ,373381.99772659695
9303 Corbin  Court ,369272.1365853478
8713 Hornbeam  Drive ,366844.3828380643
3920 Summerhill  Lane ,408808.52331793867
3201 Willow Brook  Drive ,400264.5123032475
1518 Melanie  Trail ,498553.07267640595
337 Burr  Lane ,399535.29932369804
10505 Lequoia  Street ,390017.6282392003
7108 Lake Roberts  Way ,634799.1915754824
2401 Rochdale  Street ,840757.2508816173
613 Sherwood  Drive ,313803.2875347495
909 Lauren  Drive ,411745.81626078475
708 Pleasantview  Drive ,377365.3593666721
1914 Roselle  Court ,727830.0776732755
469 Waterfall  Circle ,1141257.3848667692
316 Highland Ridge  Drive ,534488.4486973702
5625 Spirit Lake  Drive ,361167.21660023404
4708 Maple Shade  Avenue ,450690.45851269475
1420 Trinity Meadows  Drive ,417807.58963455795
5427 Childress  Drive ,461098.8525473653
501 Providence  Place ,500909.6329102066
9909 Sedgewick  Road ,461098.8525473653
1125 Port  Way ,648128.1897873114
103 Biscayne  Drive ,547366.7984596315
1449 Debon  Drive ,492296.8495415322
1304 Summerdale  Lane ,633972.7151025089
448 Strait  Lane ,427471.84836824087
7754 Grassland  Court ,408090.7958290749
4433 Boston  Drive ,428122.3852540631
3147 Serpis ,405541.42968007457
5216 Ashbrook  Road ,597412.4989822189
8009 Mimosa ,398463.38186561334
8829 Devonshire  Drive ,483070.23954679695
232 Cherrybark  Drive ,342022.89051334455
218 Amherst  Avenue ,475081.3476872935
9820 Prairie Dog  Lane ,389356.41002666013
4235 Somerville  Avenue ,250801.74658258306
1909 Copper Creek  Drive ,451073.45456835773
3906 Gentle Breeze  Court ,360443.01238933695
7004 San Francisco  Trail ,386064.58418738004
1115 Nickel  Street ,569354.185789017
110 Willow  Lane ,381452.3143670965
2098 Deckard ,479163.0834297266
6721 Cahoba  Drive ,353711.2028980536
1505 Coral Reef  Lane ,473716.7641926436
412  E Ash  Street ,361550.03887028457
2620 Church  Street ,637542.3853334929
8817 Davis  Street ,449220.286937857
2213 Big Bend  Drive ,382301.19876065257
3303 Brazos  Street ,490411.1077742237
414  N Winnetka  Avenue ,277863.78175421327
9933 Northgate  Drive ,394774.2243896631
8719 Westfield  Drive ,336493.9936184725
1104 Crest Breeze  Drive ,651942.2079520633
10208 Jack Creek  Court ,430779.9103173703
503 Ola  Lane ,583462.1631231011
1124 Sawsawi  Trail ,811429.7033135678
8825 Devonshire  Drive ,476371.42471700575
2901 Softwood  Circle ,435108.4912539128
949 Wisperwood  Drive ,464193.81146715925
9945 Copperhead  Lane ,389356.41002666013
705 Piedmont  Drive ,619005.7200543503
1902 Duke  Drive ,452300.4768007174
4116 Lanark  Avenue ,347406.3038026968
2548 Delmac  Drive ,433714.36528747354
1535 Hamilton  Drive ,471951.1174510716
13407 Flagstone  Lane ,336493.9936184725
5832 Clear Creek  Drive ,493718.04885358794
2031 Enchanted Rock  Drive ,601078.9125512132
5464 County Road 4098 ,412080.6970017761
6609 Mantissa  Drive ,486257.5111314409
1120 Ginger  Trail ,1010186.4515313376
1608 Saxony  Road ,366844.3828380643
359 Park North  Lane ,418017.3031567961
2637 Calistoga  Drive ,385612.3245575079
16914 Davenport  Court ,484704.9484091648
421 Tall Oaks  Lane ,396442.1871331911
7913 Spring  Run ,487032.74402645614
609 Bareback  Lane ,568429.7355192156
6036 Weymouth  Drive ,563610.6334566786
8224 Lauren  Way ,504228.01464428793
9843 Queenswood ,341911.8079814754
6421 Hillview  Lane ,546000.4959249187
7517 Armstrong  Lane ,441786.8160109741
1320 Kentshire  Circle ,584376.1974911795
3605 Lake Tahoe  Drive ,472014.88701566844
2530 Sunset  Avenue ,428746.10282289423
6619 Prairie Flower  Trail ,689819.472995859
1910 Walnut Hill  Drive ,467885.72913052654
129 Sunny Crest  Drive ,461812.4031741671
1612 Richforest  Drive ,476990.4264486689
5804 Berkshire  Road ,482479.41924417595
12113 Willet  Road ,408808.52331793867
1801 Celebration  Lane ,472902.0983708471
4106 Double Oak  Lane ,642610.3186447838
3445 Brighton  Drive ,446262.74344697926
201 Meadowdale  Drive ,580699.1899414437
114 Chazlynn  Court ,530952.395044896
303 Ranchwood  Drive ,372950.74327477464
7805 Glenside  Drive ,619590.5500656652
4520 Stones River  Road ,606051.3570354014
3212 David  Drive ,477487.44026011374
3106 Carla  Drive ,734900.985186974
3429 Springwood  Lane ,465901.8538062412
2109 Geneva  Lane ,500909.6329102066
6000 Autumn  Way ,566859.5164978658
6105 Raleigh  Drive ,488300.49413865013
545 Tierra Vista  Way ,408808.52331793867
7330 Fenton  Drive ,411985.2900968356
125 Saddle  Ridge ,455342.035759525
909  N Lucas  Drive ,388780.6169540159
229 Shady Timbers  Lane ,653937.1857646441
3905 Ridgecrest  Avenue ,466102.89022853464
1005 Suffolk Park  Road ,410008.40029842913
9794 County Road 212 ,411922.3867067074
121 Hurstwood  Court ,506180.17019956856
925 Hemlock  Trail ,510787.8578467802
409 Roger Graves  Circle ,407924.01662033645
3003 Lily  Lane ,415023.1390509594
6700 Aimpoint  Drive ,447560.46428943065
120 Saint James  Road ,572320.2873352522
2217 Bedford  Circle ,456561.19897071784
3213 Vermont  Avenue ,585281.1634397332
1703 Country Walk  Lane ,578926.9557722686
610 Club  Drive ,452619.16842777125
2600 Parkbridge  Court ,507845.7314641038
2716 Eastland  Drive ,568429.7355192156
7504 Kingswood  Court ,415120.36101537757
9612 Atherton  Drive ,708414.1589016939
2913 St Johns  Drive ,451714.0609322135
559 Kirkwood  Drive ,305226.19515888207
2830 Redbud  Lane ,490411.1077742237
522 Palm Desert  Drive ,492319.46843267104
118 Clipper  Court ,629139.3199405927
2413 Newcastle  Circle ,470550.3000610522
1435 Kings  Highway ,387487.2926444445
4101 Rosebud  Drive ,491431.8399153958
400 Shavano  Street ,1013803.9411135316
10031 Tipperary  Trail ,489915.79639126087
3732 La Joya  Drive ,266826.6877477376
8008 Raven  Court ,514199.9391315687
3846 Canot  Lane ,606558.4168269654
3509 Flat Creek  Drive ,434835.7359529392
1216 Rendyn  Street ,611794.2537876201
12309 Alexandria  Drive ,447995.1324512096
4418 Sexton  Lane ,231836.922893833
4528 Denver  Drive ,461812.4031741671
1321 Greenrock  Court ,522269.16180431674
12224 Willet  Road ,568429.7355192156
600 Cypress Hill  Drive ,661071.8581306117
2429 San Marcos  Drive ,439802.9222925605
3517 Quail View  Drive ,750425.3309625154
1508 Washington  Avenue ,350083.57011200563
7114 Running Iron  Trail ,465965.99981694994
521 Parkview  Lane ,371455.9671114661
2101 Washington  Avenue ,381096.3217228007
1010 Longhill  Way ,550581.7032101947
2419 County Road 2710 ,486676.24878026405
301 Noel  Drive ,434835.7359529392
9818 Waterview  Parkway ,799247.999064942
8208 Wildrock  Drive ,536839.4891770032
9911  E Lake Highlands  Drive ,341911.8079814754
2100 Winona  Drive ,492296.8495415322
121 Sequoyah  Lane ,454927.6005141219
1210 Fire Fly  Ridge ,460485.40222233214
8025 Sunscape  Lane ,760275.7185505456
1001 Yukon  Drive ,471345.73661141255
133 Oakbluff  Drive ,887521.812280425
10220 Long Branch  Drive ,451714.0609322135
9692 Rosedale  Drive ,628673.8186319891
6705 Mason  Drive ,587263.4293880118
5237 Bow Lake  Trail ,500540.97378273297
1310 Dearborn  Road ,499577.8586418365
6733 Hunters Ridge  Drive ,406545.80478505103
2121 Providence  Way ,492296.8495415322
1410 Misty  Cove ,659083.6147920226
126 Skyline  Drive ,466780.6656387464
1655 Shores  Boulevard ,492332.1478617475
11029 Strayhorn  Drive ,1231873.1135130972
11913 Wildwood  Lane ,532060.9600901487
912 Pavillion  Street ,488178.9806583374
2901 Valley Ridge  Drive ,590592.6357291846
6520 Stone Creek  Trail ,476371.42471700575
6918 Vista Willow  Drive ,406545.80478505103
1522 Vista Bend  Drive ,582663.6033021711
1909  E Stone  Road ,653561.7997103523
7219  E Mockingbird  Lane ,484704.9484091648
12017 Gainesway  Court ,404728.16944826086
5236 Lake Konawa  Drive ,629618.0383752573
1913 Goldenrod  Lane ,428437.0918502595
6510 Fieldcrest  Lane ,538718.8317705776
161 Avondale  Avenue ,435919.9776774767
2513 Ozark  Cove ,566859.5164978658
2015 Misty Creek  Drive ,575264.2890126269
4248  S Capistrano  Drive ,469225.0080247721
1805 Pleasant Valley  Drive ,558246.7331291913
9726 Queenswood  Lane ,366696.6847261884
1532 High Country  Lane ,505436.784859406
6123 Jereme  Trail ,545958.6460991201
18515 Voss  Road ,547210.0652527375
1908 Emilia  Drive ,524528.1859204475
5400 Bama  Drive ,569257.2363462059
5544 Clay  Court ,708343.7386549839
304 Parke Lake  Drive ,643690.5268030866
3913  N Brookridge  Court ,509258.8461847404
1100 Hodge  Street ,544091.4171635433
9713 Sean  Drive ,446595.39295953163
3137 Woodridge  Drive ,475578.36149873835
7109 New Bury  Court ,935286.4101493481
1003 Payton  Lane ,493753.2641307192
6350 McCommas  Boulevard ,387107.72574968357
11022 Ferndale  Road ,581958.8109372684
8300 Boulder River  Trail ,527552.3501434731
704 Wycliffe  Drive ,485264.9841857476
3918 Poplar Point  Drive ,599424.134493837
2408 Aberdeen  Avenue ,571990.8572183714
502 Copper Ridge  Drive ,413603.42995870713
514 Fairway Lakes  Drive ,805665.1146828145
3808 Carrizo  Drive ,558246.7331291913
1807 Graham  Way ,619873.1089875553
900 Morton Hill  Lane ,404728.16944826086
8324 Trace Ridge  Parkway ,631134.9549979953
6116 Morningside  Drive ,461056.0024198196
12785 Elm Springs  Trail ,455967.5118268598
8207 Summerleaf  Drive ,409191.63589376956
10600 Sedalia  Drive ,519700.52798894496
6402 Axton  Lane ,453191.21078016807
8201 Hampton  Drive ,619590.5500656652
6021 Madera  Court ,731620.2160425991
5602 Blue Stem  Lane ,493421.73195590026
3625 Cross Bend  Road ,596320.2220521895
4423 County Road 2608 ,517402.50899485487
5612 Fringetree  Drive ,566859.5164978658
901 Princeton  Lane ,574168.0056552471
4508 Morning Glory  Lane ,534887.625211765
1504 Hunter  Court ,499325.98362023156
929  E Oak  Street ,618369.0770076361
5413 Jefferson  Drive ,726870.35983636
6010 Sherri  Lane ,712807.6281790765
1711 Chestnut Hill  Lane ,517422.20120884833
313 Greenleaf  Court ,567209.9152572206
1704 Millsap  Lane ,602326.5724249658
407 Appalachian  Way ,778182.9341659936
2100 Hampton  Court ,928304.1916173033
3741 Hilltop  Road ,388780.6169540159
513 Beeville  Court ,500927.81342862686
7236 Clemson  Drive ,368519.16108570294
5201 Sandstone  Lane ,500909.6329102066
2913 Trophy  Drive ,581127.5667969504
9382 Landmark  Place ,492829.023293006
1721 Simsbury  Drive ,753549.9883239601
5612 Ridgeson  Drive ,566859.5164978658
6104 Yellow Rock  Trail ,620473.4642189238
533 Coventry  Drive ,590082.0841916639
3717 Mason  Drive ,544091.4171635433
12126 Jackson Creek  Drive ,908677.9561188953
4557 Wilbarger  Street ,500909.6329102066
3006 Sunrise  Bluff ,764429.0411832117
2204 Green Hill  Drive ,658444.4904926232
6502 Loire Valley  Drive ,705237.0951688761
6715 Hialeah  Drive ,341911.8079814754
3605 Lowrey  Way ,622400.1852371739
4009 Stableglen  Drive ,678326.5112727309
9701 Elm Creek  Way ,542788.8324961853
7717 Incline  Terrace ,687517.8430866722
7031 Montgomery  Road ,511071.7876949415
9943 Larchbrook  Drive ,597412.4989822189
5291 Fm 2947 ,293515.677227729
1705 Dakota  Drive ,2357616.8730730503
4100 Grace  Lane ,516779.01409029274
7909 Fossil Creek  Trail ,635793.7555592923
2417 Bowie  Lane ,512560.440060438
1325 Melrose  Drive ,446340.97690068325
422 Brookdale  Drive ,603887.2984148687
135 Claremont  Drive ,661531.9831527426
6618 Duffield  Drive ,465901.8538062412
1370 Scarboro Hills  Lane ,641605.3789948574
3804 Wedgewood  Court ,927231.4660379789
15732 Golden Creek  Road ,620473.4642189238
4902 Bridgewater  Drive ,680011.7864312385
7403 Authon  Drive ,701256.5633875434
1407 Hickory Woods  Way ,739648.8825914946
211 Mill Valley  Drive ,518820.3446187478
4461 Eldorado  Drive ,563378.0738496969
7519 Ridgedale  Court ,804293.4425798033
6303 Monticello  Avenue ,419132.89321691403
1620 High Valley  Lane ,931254.7302704678
6012 Sherri  Lane ,771447.9771339889
3820 Nantucket  Drive ,641747.7523050427
7620 Tensley  Drive ,679568.3747434568
310 Maple  Street ,837914.4873849769
1003 Stanbridge  Drive ,759578.9607679697
6334 Anita  Street ,382076.4291692617
2304 Table Rock  Court ,625886.0964476971
9313 Sterling Gate  Drive ,862326.1907068299
8281 Laflin  Lane ,625138.3962171484
15528 Bay Point  Drive ,722861.330879482
515 Monte Vista  Drive ,366048.2217808399
603 Courtney  Lane ,636754.4282491894
404 Pleasant  Run ,802391.7732381781
3300 Cellars  Drive ,557381.7233849051
4815 Isleworth  Drive ,638270.1709229116
14621 Tanglewood  Drive ,439675.9347842647
1001 Prairie Ridge  Lane ,548187.5935877281
12876 Caprock  Drive ,654251.5767840267
2436 Georgetown  Drive ,960033.8987924651
9651 Lynbrook  Drive ,428498.70952406165
10002 Glen Canyon  Drive ,666989.3562979036
5527 Preston Fairways  Drive ,963935.2026194766
5390 Bowser  Avenue ,453122.59349985106
8001 Deep Water  Cove ,658931.1779549276
3236 Lexington  Drive ,524528.1859204475
401 Juniper  Lane ,946849.9430253634
3373 Moroney  Drive ,774819.6119198106
325 Plantation  Drive ,490233.84530403686
7806 Morton  Street ,368519.16108570294
8608 Kendall  Drive ,646191.5698213492
5431 Twin Creeks  Drive ,614968.160178654
4336 Old Grove  Way ,563683.89631165
7805 Harvest Hill  Lane ,691873.8515419293
9708 Edgeway  Circle ,924138.7583915406
1416 Chase Oaks  Drive ,623185.961716317
8900 Brandy Branch  Way ,594167.6069241095
11970 County Road 630 ,407503.03289507196
4133 Saltburn  Drive ,901636.8227221289
5620 Amphora  Avenue ,691873.8515419293
6501 Glenhope  Circle  S ,745949.213863193
4831 Sugar Mill  Road ,581958.8109372684
3809 Bramley  Way ,592828.9777594113
7230 Brooke  Boulevard ,706661.6443580433
7305 Lawndale  Court ,636754.4282491894
8030 Moss Meadows  Drive ,547118.5739761686
3268 Hillview  Drive ,751040.7560296791
1095 Hoyt  Road ,609056.415062143
7229 Harvey  Lane ,686879.8593516458
3734 Alta Vista  Lane ,666989.3562979036
2153 Idlewood  Drive ,482196.7694600726
10449 Rogers  Road ,554172.1341735988
4404 Bobcat  Lane ,818572.3524839266
4013 Foxtail  Lane ,675701.7552458624
6240 Saint Albans  Drive ,471432.822706223
4113 Smokey Hill  Court ,649143.1911562512
14092 Tahoe  Lane ,789713.5546186379
609 Farrell  Lane ,804305.204542719
8904 Gunnison  Drive ,698973.1744098528
1100 Fargo  Drive ,787112.2548169743
1058 Balmorhea  Drive ,814711.9651514582
1500 Colorado Ruby  Court ,511457.0082510357
6365 Shadywood  Drive ,800105.6393242487
12004 Terrazzo  Lane ,789713.5546186379
800 Pond Springs  Court ,711444.2733567302
6608 Mesquite  Trail ,677355.9687086445
1104 Skyflower  Lane ,622234.4305382671
1206 Greenway  Drive ,858320.7488317866
7700 Shadow Wood  Drive ,598307.0996349575
6820 Royal View  Drive ,691873.8515419293
901 Prairie Ridge  Lane ,539597.1745743604
613 Barnstorm  Drive ,571543.0487564264
323 Ridge Crest  Drive ,502980.78774212144
1140 Kerrville  Way ,691873.8515419293
7802 Driftwood  Drive ,857031.1601524042
9208 Seagrove  Drive ,633564.9782560788
3605 Meridian  Avenue ,618341.1977449337
307 Walnut Grove  Lane ,816547.0272883961
12287 Burgess  Lane ,901909.6826005667
3510 Jersey  Road ,803015.6158633366
6605 Manzano  Street ,774819.6119198106
505 Saddlehorn  Drive ,921986.6334585719
705 Greenbriar  Drive ,494386.975437919
3920 Lindale  Drive ,691873.8515419293
902  W Virginia  Street ,817060.6474886518
1005 Taylor  Drive ,801649.2725511142
4108 Hartwood  Drive ,411989.0152386319
4260 Rawleigh  Drive ,509694.6751967267
600 Chalk Hill  Lane ,840749.1021896647
136 Paige  Court ,916728.6604680034
7258 Holyoke  Drive ,656625.9434927837
4733 Pershing  Avenue ,509694.6751967267
3212 Springbranch  Drive ,834854.4104466661
800 Texana  Drive ,804532.5324860746
9702 Lakemont  Drive ,406545.80478505103
523 Monssen  Drive ,565921.6685790919
3108 Joyce  Way ,694944.4973998434
7606 Dunleer  Way ,821399.35373242
7116 Blairview  Drive ,744390.6961736418
6317 Saratoga  Circle ,406545.80478505103
215 Rio Grande  Drive ,1077457.1144553327
1031 Poppie  Lane ,590157.9235407995
5 Canyon Ridge  Drive ,672054.9542863418
3776 Whitehall  Drive ,533687.7852910555
11804 Raeburn  Court ,803015.6158633366
712 Ashley  Place ,804532.5324860746
2130 Chambers  Drive ,842038.6908690471
6506 Beddo  Court ,712200.212875841
15805 Blue Fire  Court ,1082147.8526925577
12551 Mercer  Parkway ,782565.9391857034
767 Mission  Court ,834245.8605533354
1502 Winterbrook  Court ,676476.6151266572
961 Sabine  Drive ,840749.1021896647
7562 Zachery  Drive ,886817.8448546922
912 Glen Rose  Drive ,768005.5549011254
2613 Penshurst  Court ,704269.1478887274
13552 Decidedly  Drive ,670293.959051898
4424 Lake Shore  Drive ,887003.9330951815
5815 Belmont  Avenue ,552490.8798939787
139 Classen  Drive ,565921.6685790919
2901 Broken Bow  Way ,700551.3183748365
700 Texana  Drive ,916728.6604680034
7346 Kensington  Lane ,977129.4620585705
125 Coneflower  Drive ,923664.7590219006
3000 Indigo  Drive ,933768.5428496213
6701 Ravenwood  Drive ,804532.5324860746
3209 Nottingham  Drive ,1093996.0683143141
2410 Creekside  Circle  N ,1047785.5932239493
15524 Bay Point  Drive ,918836.1270987048
12083 Erin  Lane ,705364.9115301948
2010 Kyle  Court ,862783.4170784483
7000 Brayford  Way ,939534.9743638185
708 Overland  Trail ,411357.71959060465
7246 Arbor Oaks  Drive ,698973.1744098528
6652 Ryeworth  Drive ,842212.1822849675
8413 Brunswick  Lane ,932278.4647345605
608 Belford  Place ,926832.444295724
1547 Velda Kay  Lane ,782468.2082145836
6 Siesta  Circle ,1011869.705242988
2433 Lakeshore  Drive ,552458.6481179271
5843 Coolwater  Cove ,812259.8422205652
3884 Preston Hills  Circle ,564096.789955731
5305 Drane  Drive ,484704.9484091648
3933 Stonehenge  Road ,683282.5994882232
3508 Asaro  Place ,880014.1831601014
1227 Caledonia  Court ,776109.2005991931
5010 Wincrest  Drive ,765879.7673973185
1897 Canyon  Road ,858694.7444539038
8612 Markham  Drive ,1242101.2594481169
1223  N Tyler  Street ,953978.016272416
16211 Red Cedar  Trail ,794190.8072533609
8921 Myranda  Court ,931947.5400184474
15578 Mountain View  Lane ,1647713.325293476
6909 Echo Canyon  Drive ,1072663.2581644284
7223 Currin  Drive ,794190.8072533609
127  W Braewood  Drive ,1179090.613700475
6828 Chantilly  Lane ,582260.4631498798
7407 Azalea  Lane ,702131.2454716148
1424 Cypress Creek  Way ,799879.3723738142
1595 Randol Mill  Avenue ,466628.8311363102
7004 Casa Loma  Avenue ,533687.7852910555
2110 Arches Park  Drive ,864637.4932455465
3512 Bryn Mawr  Drive ,2836071.0370043544
7009 Lismore  Court ,1230954.673188929
1340 Park  Street ,360443.01238933695
3701 Fox Hollow  Street ,630562.6681351741
6934 Hammond  Avenue ,884177.7368607997
1609 Le Mans  Lane ,593430.7514054225
6715 Joyce  Way ,898090.9260860765
5743 Morningside  Avenue ,406545.80478505103
5308 Pradera  Court ,636571.256048679
7362 Lane Park  Drive ,964819.6342821342
5303 Lyoncrest  Court ,1033929.8707159931
2096 Holt  Way ,729785.0664225249
5936 Glendower  Lane ,1162665.7450893244
6322 Sudbury  Drive ,953978.016272416
15960 Big Horn  Trail ,736698.921090077
5422 Mercedes  Avenue ,1093295.5044503652
12008 Browning  Lane ,808944.9390755208
7703 Tillman Hill  Road ,803968.0449983589
1426 Devonshire  Drive ,1035696.4639987351
4412  N Hall  Street ,754442.2118402022
807 Jensen  Drive ,1031681.5033776318
731 Ivy Glen  Court ,1008311.4601942358
422 Edgelake  Drive ,1015002.5990551081
11029 Wellshire  Lane ,982072.8002108223
511 Maggie  Trail ,1749182.937654171
4209 Gloster  Road ,922540.3133707462
503 Maggie  Trail ,1637553.2228186785
4105 Parkview  Boulevard ,1552515.2893200053
1414 Park  Place ,866084.8676326171
904 Wentwood  Drive ,650874.1727312111
7709 Harbor Town  Drive ,1391014.9891532466
7545 Malabar  Lane ,1278594.0302064666
3361  N State Hwy. 78 ,591169.5265452414
1315 Lincoln  Court ,1238252.2518996433
602 Winding Creek  Court ,765574.3082847758
1796 Kingswood  Drive ,2379104.1833655136
400 Wickham  Lane ,1563770.4126979187
5645 Vickery  Boulevard ,918836.1270987048
5908 Burgundy  Avenue ,953978.016272416
1400 Latigo  Court ,1013606.4907486615
5715 Hagen  Court ,1240678.290154529
5769 Forest Highlands  Drive ,1881153.8550306193
5606  W Hanover  Avenue ,600761.9055401917
4604 Stonehollow  Way ,1803019.6072384848
6247 Vanderbilt  Avenue ,1333021.3191099013
6715 Northridge  Drive ,1587046.7185710967
1390 Brown  Lane ,415120.36101537757
6916 Huff  Trail ,1724268.6195710409
6721 Winton  Street ,1686539.2937215914
6848 Mossvine  Circle ,2089550.0226640601
3524 Amherst  Avenue ,1360839.0992841462
1909 Westover  Square ,812288.8806339392
5702 Stanford  Avenue ,1325814.8782526504
6034 Park  Lane ,2856435.768037801
5645 Stonegate  Road ,1508466.1579759584
511 Coopers  Bluff ,2419772.450409189
5711 Deloache  Avenue ,2598354.680770855
7107 Lake Edge  Drive ,2087686.3539015139
6404 Orchid  Lane ,2653160.1539311334
3932 Potomac  Avenue ,3343693.3530727727
